file,speaker,duration,silence_duration,silence_intensity,s_intensity,no_surrounding_silence,has_s,audio_peaked,primary_environment_count,secondary_environment_count,UWUH_L,sil_HH,sil_F,F_sil,W_UWUH,TH_sil,vowel_vowel,V_sil,sil_TH,vowel_R,Y_vowel,vowel_D_vowel,vowel_L,vowel_sil,sil_DH,vowel_T_vowel,DH_sil,L_vowel,R_vowel,sil_V,Y_UWUH,W_vowel,sil_SSH,AE_R,AY_R,nonsilence_count,ER_R,nasal_vowel,sil_ZZH,AA_R,silence_count,sil_PTK,UH_R,IY_R,AO_R,UW_R,OW_R,AW_R,EH_R,sil_BDG,AH_R,vowel_PK_vowel,vowel_BG_vowel,vowel_nasal,IH_R,EY_R,phones_per_second,snr,weighting
4970-29093-0009,4970,9.12,1.819999999999998,11.794661,54.424747000000004,FALSE,TRUE,FALSE,8,21,0,0,1,0,0,0,3,0,0,4,1,0,4,1,1,2,0,7,4,0,0,1,0,0,0,90,0,1,0,0,5,1,0,0,1,0,0,0,3,0,0,0,0,8,0,0,12.32876712328767,42.630086000000006,18.5
7127-75946-0012,7127,9.87,1.830000000000001,38.696404,61.000816,FALSE,TRUE,FALSE,7,23,0,0,0,0,0,0,5,0,0,2,1,1,3,2,1,3,0,2,6,0,1,3,0,0,0,100,0,2,0,0,5,0,1,0,0,0,0,0,0,2,1,1,0,7,0,0,12.437810945273633,22.304412,18.5
7176-92135-0038,7176,9.205,1.3049999999999993,40.631767,62.060696,FALSE,TRUE,FALSE,9,19,0,0,0,0,0,0,5,0,0,4,1,1,6,2,0,0,0,3,4,0,1,1,0,1,0,104,0,3,0,2,7,0,0,0,1,0,0,0,0,0,0,2,1,5,0,0,13.164556962025316,21.428928999999997,18.5
1320-122612-0003,1320,9.865,1.4650000000000003,42.643116,65.397545,FALSE,TRUE,FALSE,7,22,0,1,0,0,0,0,4,0,0,2,0,1,3,2,1,5,0,4,3,0,0,3,0,0,0,108,0,2,0,0,5,0,0,0,1,0,0,0,0,0,1,2,0,8,0,0,12.857142857142856,22.754428999999995,18
260-123286-0025,260,9.205,1.9250000000000007,19.557676,61.175632,FALSE,TRUE,FALSE,5,26,0,0,1,0,0,0,1,0,0,3,0,1,3,2,2,5,0,2,7,0,0,4,0,0,0,92,0,1,0,1,9,0,0,0,0,0,0,0,0,1,2,1,0,4,0,0,12.637362637362639,41.617956,18
