file,speaker,duration,silence_duration,silence_intensity,s_intensity,no_surrounding_silence,has_s,audio_peaked,primary_environment_count,secondary_environment_count,UWUH_L,sil_HH,sil_F,F_sil,W_UWUH,TH_sil,vowel_vowel,V_sil,sil_TH,vowel_R,Y_vowel,vowel_D_vowel,vowel_L,vowel_sil,sil_DH,vowel_T_vowel,DH_sil,L_vowel,R_vowel,sil_V,Y_UWUH,W_vowel,sil_SSH,AE_R,AY_R,nonsilence_count,ER_R,nasal_vowel,sil_ZZH,AA_R,silence_count,sil_PTK,UH_R,IY_R,AO_R,UW_R,OW_R,AW_R,EH_R,sil_BDG,AH_R,vowel_PK_vowel,vowel_BG_vowel,vowel_nasal,IH_R,EY_R,phones_per_second,snr,weighting
8555-284449-0001,8555,8.63,1.26,21.575186,54.7871,FALSE,TRUE,FALSE,9,17,0,0,0,0,0,0,4,0,0,5,0,3,5,0,1,3,0,2,1,0,0,2,0,0,0,98,0,2,0,2,3,0,0,0,3,0,0,0,0,0,0,0,0,9,0,0,13.297150610583445,33.21191400000001,17.5
2300-131720-0015,2300,8.875,1.2150000000000003,34.141525,61.73567,FALSE,TRUE,FALSE,8,18,0,1,0,0,0,0,4,0,0,3,1,2,2,0,0,4,0,2,5,0,0,2,0,0,0,91,0,1,0,0,4,0,0,0,1,0,1,0,1,1,0,1,0,5,0,0,11.879895561357703,27.594144999999997,17
4992-41797-0017,4992,8.69,1.5799999999999994,24.784336,47.955856,FALSE,TRUE,FALSE,7,20,1,1,0,0,1,0,3,0,0,1,0,2,1,4,1,3,0,3,2,0,1,3,0,0,0,72,0,0,0,0,5,0,0,0,0,0,0,0,0,0,0,0,0,4,1,0,10.126582278481012,23.171519999999997,17
7176-92135-0016,7176,7.545,1.2349999999999994,35.362972,57.506943,FALSE,TRUE,FALSE,10,14,0,0,1,1,2,0,5,0,0,1,0,0,2,2,2,5,0,0,1,0,0,2,0,0,0,85,0,3,0,0,6,0,0,0,0,0,0,0,0,1,1,1,1,5,0,0,13.470681458003169,22.143971,17
1188-133604-0005,1188,8.56,2.1999999999999993,39.48297,55.71259,FALSE,TRUE,FALSE,10,13,0,1,1,0,0,0,4,0,0,4,0,1,3,0,0,2,0,3,2,0,0,2,0,0,0,89,0,2,0,1,5,0,0,0,1,0,0,0,1,0,0,2,0,4,1,0,13.993710691823896,16.229619999999997,16.5
