file,speaker,duration,silence_duration,silence_intensity,s_intensity,no_surrounding_silence,has_s,audio_peaked,primary_environment_count,secondary_environment_count,UWUH_L,sil_HH,sil_F,F_sil,W_UWUH,TH_sil,vowel_vowel,V_sil,sil_TH,vowel_R,Y_vowel,vowel_D_vowel,vowel_L,vowel_sil,sil_DH,vowel_T_vowel,DH_sil,L_vowel,R_vowel,sil_V,Y_UWUH,W_vowel,sil_SSH,AE_R,AY_R,nonsilence_count,ER_R,nasal_vowel,sil_ZZH,AA_R,silence_count,sil_PTK,UH_R,IY_R,AO_R,UW_R,OW_R,AW_R,EH_R,sil_BDG,AH_R,vowel_PK_vowel,vowel_BG_vowel,vowel_nasal,IH_R,EY_R,phones_per_second,snr,weighting
3570-5695-0007,3570,9.755,1.015000000000002,38.85505,54.622726,FALSE,TRUE,FALSE,7,19,0,0,0,0,0,0,3,0,0,4,1,1,5,1,1,1,0,2,5,0,0,2,0,0,0,122,0,5,0,0,5,0,0,0,2,0,0,0,1,0,0,3,1,6,1,0,13.958810068649887,15.767676000000002,16.5
1320-122617-0023,1320,7.815,1.0950000000000004,43.90167,59.238796,FALSE,TRUE,FALSE,5,22,0,1,0,0,0,0,1,0,0,3,0,4,5,1,0,1,0,3,6,0,0,2,0,0,0,91,0,4,0,0,5,0,0,0,2,0,0,1,0,0,0,1,1,8,0,0,13.541666666666668,15.337125999999998,16
1320-122617-0034,1320,9.485,1.0449999999999997,41.913246,62.853794,FALSE,TRUE,FALSE,7,18,0,1,0,0,0,0,5,0,0,1,0,1,6,0,0,1,0,3,3,0,0,4,0,0,0,116,0,4,0,0,3,0,1,0,0,0,0,0,0,0,0,1,2,12,0,0,13.744075829383887,20.940548,16
3575-170457-0003,3575,7.595,1.125,33.693592,60.499683,FALSE,TRUE,FALSE,8,16,0,0,0,0,0,0,7,0,0,1,0,1,2,1,0,3,0,4,3,0,0,2,1,0,0,84,0,3,0,0,3,0,1,0,0,0,0,0,0,0,0,1,1,5,0,0,12.982998454404946,26.806090999999995,16
3575-170457-0035,3575,9.37,1.9199999999999993,40.283733,59.247406,FALSE,TRUE,FALSE,8,16,0,0,0,0,1,0,5,0,0,2,0,0,2,1,1,1,0,1,4,0,1,5,0,0,0,94,0,2,0,0,5,0,0,0,1,0,0,0,1,1,0,2,1,6,0,0,12.61744966442953,18.963673,16
