file,speaker,duration,silence_duration,silence_intensity,s_intensity,no_surrounding_silence,has_s,audio_peaked,primary_environment_count,secondary_environment_count,UWUH_L,sil_HH,sil_F,F_sil,W_UWUH,TH_sil,vowel_vowel,V_sil,sil_TH,vowel_R,Y_vowel,vowel_D_vowel,vowel_L,vowel_sil,sil_DH,vowel_T_vowel,DH_sil,L_vowel,R_vowel,sil_V,Y_UWUH,W_vowel,sil_SSH,AE_R,AY_R,nonsilence_count,ER_R,nasal_vowel,sil_ZZH,AA_R,silence_count,sil_PTK,UH_R,IY_R,AO_R,UW_R,OW_R,AW_R,EH_R,sil_BDG,AH_R,vowel_PK_vowel,vowel_BG_vowel,vowel_nasal,IH_R,EY_R,phones_per_second,snr,weighting
4970-29095-0027,4970,9.795,1.3050000000000006,21.766659,57.10853,FALSE,TRUE,FALSE,8,14,1,1,0,0,0,0,1,0,0,5,2,0,0,0,0,3,0,4,4,0,0,1,0,0,0,100,0,5,0,1,4,0,0,0,0,0,0,0,2,0,1,3,0,11,1,0,11.778563015312134,35.341871,15
5639-40744-0002,5639,8.91,1.5900000000000007,13.007313,51.36464,FALSE,TRUE,FALSE,7,16,0,0,0,0,0,0,4,0,0,3,1,2,3,1,1,1,0,4,2,0,0,1,1,0,0,101,0,3,0,0,5,0,0,0,0,0,0,0,3,0,0,0,0,11,0,0,13.797814207650275,38.357327,15
5639-40744-0006,5639,8.045,1.335,20.99048,52.591713,FALSE,TRUE,FALSE,9,12,0,0,0,0,0,0,5,0,0,4,0,3,1,0,0,1,0,1,5,0,0,1,0,0,0,87,0,3,0,1,3,0,0,0,0,0,0,0,3,0,0,2,0,10,0,0,12.965722801788376,31.601232999999997,15
7176-92135-0018,7176,8.94,1.4900000000000002,36.893856,59.090347,FALSE,TRUE,FALSE,7,16,0,1,0,0,0,0,3,0,0,3,0,3,3,2,0,0,0,2,4,0,0,2,0,0,0,104,0,7,0,0,8,1,0,1,1,0,0,0,1,0,0,1,0,16,0,0,13.959731543624162,22.196491,15
8463-294828-0036,8463,6.985,0.7550000000000003,40.808727,59.740585,FALSE,TRUE,FALSE,8,14,0,0,0,0,0,0,3,0,0,5,1,1,0,0,1,1,0,1,5,0,1,3,0,0,0,78,0,2,0,2,2,0,1,0,2,0,0,0,0,0,0,2,0,3,0,0,12.520064205457462,18.931858000000005,15
