file,speaker,duration,silence_duration,silence_intensity,s_intensity,no_surrounding_silence,has_s,audio_peaked,primary_environment_count,secondary_environment_count,UWUH_L,sil_HH,sil_F,F_sil,W_UWUH,TH_sil,vowel_vowel,V_sil,sil_TH,vowel_R,Y_vowel,vowel_D_vowel,vowel_L,vowel_sil,sil_DH,vowel_T_vowel,DH_sil,L_vowel,R_vowel,sil_V,Y_UWUH,W_vowel,sil_SSH,AE_R,AY_R,nonsilence_count,ER_R,nasal_vowel,sil_ZZH,AA_R,silence_count,sil_PTK,UH_R,IY_R,AO_R,UW_R,OW_R,AW_R,EH_R,sil_BDG,AH_R,vowel_PK_vowel,vowel_BG_vowel,vowel_nasal,IH_R,EY_R,phones_per_second,snr,weighting
8555-284447-0014,8555,8.47,1.430000000000001,22.17074,58.049873,FALSE,TRUE,FALSE,9,12,0,0,0,0,0,0,5,0,0,4,0,1,1,1,2,1,0,2,1,0,1,2,0,0,0,85,0,2,0,0,4,0,0,1,3,0,0,0,0,0,0,0,1,8,0,0,12.073863636363638,35.879132999999996,15
1089-134686-0002,1089,6.625,0.8649999999999997,29.434309,51.122547,FALSE,TRUE,FALSE,6,17,0,0,0,0,1,0,2,0,0,3,1,0,6,0,0,1,0,5,2,0,0,2,0,0,0,67,0,1,0,0,2,0,0,1,1,0,0,0,1,0,0,0,0,3,0,0,11.631944444444443,21.688238,14.5
1089-134686-0005,1089,9.635,1.5550000000000002,29.868448,47.60668,FALSE,TRUE,FALSE,6,17,0,0,0,0,0,0,2,0,0,4,1,0,3,0,2,0,0,2,4,0,1,4,0,0,0,94,0,4,0,0,4,1,0,1,1,0,0,0,0,0,0,2,0,13,2,0,11.633663366336634,17.738231999999996,14.5
1284-134647-0000,1284,8.53,1.52,43.09678,52.056213,FALSE,TRUE,FALSE,7,15,0,2,0,0,0,0,3,0,0,2,0,0,2,1,1,2,0,3,6,0,0,0,0,0,0,91,0,3,0,0,5,0,0,0,0,0,0,0,2,0,0,0,0,9,0,0,12.981455064194009,8.959432999999997,14.5
1580-141083-0038,1580,7.535,1.514999999999999,28.079695,58.67868,FALSE,TRUE,FALSE,9,11,0,0,0,0,0,0,1,0,0,8,1,1,0,0,0,2,0,0,4,0,3,0,0,0,0,82,0,0,0,3,4,0,1,0,1,0,0,0,3,0,0,0,1,6,0,0,13.621262458471758,30.598985,14.5
